{
    "auth": {
            "user": "admin",
            "password": false
    },
    "autoreload": [
        false,
        5,
        10,
        30,
        60,
        300
    ],
    "checkupdate": 86400,
    "datatableOptions": {
        "bPaginate": false,
        "bLengthChange": false,
        "bFilter": true,
        "bSort": true,
        "bAutoWidth": false,
        "bStateSave": true,
        "sPaginationType": "full_numbers",
        "oLanguage": "__LANG__"
    },
    "defaultTemplate": "out_html.php",
    "defaultView": false,
    "debug": false,
    "tmpdir": "tmp",
    "execTimeRequest": {
        "warning": "1000",
        "critical": "5000"
    },
    "hideCols": [],
    "hideRows": [],
    "icons": {
        "adminservers": "<i class=\"fas fa-cubes\"><\/i> ",
        "adminsettings": "<i class=\"fas fa-cogs\"><\/i> ",
        "adminupdate": "<i class=\"fas fa-cloud-download-alt\"><\/i> ",
        "adminvendor": "<i class=\"fas fa-puzzle-piece\"><\/i> ",
        "adminlang": "<i class=\"fas fa-comment\"><\/i> ",
        
        "actionAdd": "<i class=\"fas fa-plus\"><\/i> ",
        "actionDelete": "<i class=\"fas fa-trash\"><\/i> ",
        "actionDownload": "<i class=\"fas fa-cloud-download-alt\"><\/i> ",
        "actionEdit": "<i class=\"fas fa-edit\"><\/i> ",
        "actionOK": "<i class=\"fas fa-check\"><\/i> ",
        "actionReset": "<i class=\"fas fa-times\"><\/i> ",
        
        "tab_config_user": "<i class=\"fas fa-user\"><\/i> ",
        "tab_internal-config_default": "<i class=\"fas fa-cog\"><\/i> ",
        "tab_Compare": "<i class=\"fas fa-flag\"><\/i> ",
        
        "title": "<i class=\"fas fa-square\"><\/i> ",
        "gotop": "<i class=\"fas fa-arrow-up\"><\/i> ",
        "group": "<i class=\"fas fa-cubes\"><\/i> ",
        "time": "<i class=\"far fa-clock\"><\/i> ",
        "refresh": "<i class=\"fas fa-sync\"><\/i> ",
        "skin": "<i class=\"fas fa-tint\"><\/i> ",
        "lang": "<i class=\"fas fa-comment\"><\/i> ",
        "logout": "<i class=\"fas fa-power-off\"><\/i> ",
        "export": "<i class=\"fas fa-download\"><\/i> ",
        "serverinfos.php": "<i class=\"fas fa-tasks\"><\/i>",
        "performance-check.php": "<i class=\"fas fa-chart-line\"><\/i>",
        "allrequests.php": "<i class=\"fas fa-bars\"><\/i>",
        "original.php": "<i class=\"far fa-file\"><\/i>",
        "utilization.php": "<i class=\"fas fa-tachometer-alt\"><\/i>",
        "help.php": "<i class=\"fas fa-question-circle\"><\/i>",
        "help-doc": "<i class=\"fas fa-book\"><\/i>",
        "help-draganddrop": "<i class=\"fas fa-arrows-alt\"><\/i>",
        "help-color": "<i class=\"fas fa-tint\"><\/i>",
        "help-thanks": "<i class=\"far fa-comment\"><\/i>",
        "update.php": "<i class=\"fas fa-rocket\"><\/i>",
        
        "server": "<i class=\"far fa-hdd\"><\/i>",
        "server_responsetime": "<i class=\"far fa-clock\"><\/i>",
        "requests_all": "<i class=\"fas fa-exchange-alt\"><\/i>",
        "requests_running": "<i class=\"fas fa-ticket-alt\"><\/i>",
        "requests_clients": "<i class=\"fas fa-laptop\"><\/i>",
        "requests_mostrequested": "<i class=\"far fa-file\"><\/i>",
        "requests_longest": "<i class=\"fas fa-hourglass-end\"><\/i>"
        
    },


    "showHint": true,
    "skin": "skin-black",
    "skin-color2": "bg-white",
    "tdbars": [
        "thCount"
    ],
    "tdlink": [],
    "views": [
        "serverinfos.php",
        "performance-check.php",
        "allrequests.php",
        "original.php",
        "utilization.php"
        
    ],
    "viewsadmin": [
        "servers",
        "settings",
        "vendor"
        
    ]
}