{
    "project": {
        "title": "Apache Monitoring",
        "version": "2.04.10",
        "releasedate": "2022-05-03",
        "license": "GPL 3.0"
    },
    "active": [],
    "links": {
        "project": {
            "projecthome": {
                "url": "https:\/\/github.com\/puskartrital\/apache-monitoring\/tree\/master",
                "label": "Github (en)",
                "target": "_blank"
            }          
        }
    },
    "vendor": [
        "admin-lte/2.4.18",
        "datatables/1.10.21",
        "font-awesome/5.15.4",
        "jquery/3.6.0",
        "twitter-bootstrap/3.4.1",
        "Chart.js/3.7.1"
    ]
    
}